lengths,N=2,N=3,N=4,N=5,N=6,N=7,N=8,N=9,N=10
100,0.507705275,0.29345125,0.491137434,0.515334008,0.341568432,0.972326511,0.101864673,0.206675374,0.34728528599999997
150,6.054790264,6.588104111,8.775968730999999,15.57808911,2.609151945,2.547253438,6.489414094,0.957023678,3.492856077
200,34.501245976,16.757556437999998,87.837359962,21.575153769,120000000,120000000,120000000,106.28011094,27.978513294
