lengths,N=2,N=3,N=4,N=5,N=6,N=7,N=8,N=9,N=10
40,0.525748998,0.614859366,0.542840251,0.510047082,0.573734804,0.578732143,0.468453164,0.417790049,0.511792661
55,12.108832944,12.053511444,12.099538438,12.724485982,12.680255756,12.277338185,12.222800589,12.396257015,11.800982576
65,66.113000571,65.491863408,66.71260265,68.020994793,67.403629604,67.676323025,67.887560915,68.656923342,67.206426449
